plataforma,pieza,archivo,caracteres_len_utf8,regla_banda,estado,delta_vs_piso,nota
Facebook,01,01-Tiendas-APK-legales-mods-reloj-2027-Facebook-La-Bandita-2026-09-22-dominicano-ES.md,40847,40000..45000,DENTRO,,
Facebook,02,02-Kototoro-manga-novelas-video-Facebook-La-Bandita-2026-09-22-dominicano-ES.md,41048,40000..45000,DENTRO,,
Facebook,03,03-Verificacion-Desarrolladores-hito-30-sep-2026-Facebook-La-Bandita-2026-09-22-dominicano-ES.md,39571,40000..45000,BAJO,-429,
Facebook,04,04-Almacenes-de-extensiones-KeiSource-AbiSource-y-el-resurtimiento-del-manga-Facebook-La-Bandita-2026-09-22-dominicano-ES.md,30081,40000..45000,BAJO,-9919,variante fuera de banda
Facebook,04,04-Extensiones-tres-arboles-hubs-parsers-Facebook-La-Bandita-2026-09-22-dominicano-ES.md,40997,40000..45000,DENTRO,,variante en banda
Facebook,05,05-TMO-caida-clones-no-iniciar-sesion-Facebook-La-Bandita-2026-09-22-dominicano-ES.md,30740,40000..45000,BAJO,-9260,
Facebook,06,06-Forks-lectores-Mihon-Aniyomi-segundas-generaciones-Facebook-La-Bandita-2026-09-22-dominicano-ES.md,30495,40000..45000,BAJO,-9505,
Facebook,07,07-El-arbol-vecino-Usagi-Kotatsu-Redo-Futon-Kototoro-Facebook-La-Bandita-2026-09-22-dominicano-ES.md,39045,40000..45000,BAJO,-955,
Facebook,08,08-Musica-FOSS-clientes-con-repo-La-Bandita-2026-09-22-dominicano-ES.md,30999,40000..45000,BAJO,-9001,
Facebook,09,09-Herramientas-FOSS-caja-de-oficio-Facebook-La-Bandita-2026-09-22-dominicano-ES.md,29023,40000..45000,BAJO,-10977,
Facebook,10,10-GLTools-no-se-receta-spoof-GPU-Facebook-La-Bandita-2026-09-22-dominicano-ES.md,30063,40000..45000,BAJO,-9937,
Facebook,15,15-Rama-J2K-abuelo-despierto-Facebook-La-Bandita-2026-09-27-dominicano-ES.md,27688,40000..45000,BAJO,-12312,
Facebook,81,81-Miyorare-lector-manga-novelas-source-packs-Facebook-La-Bandita-2026-09-22-dominicano-ES.md,39237,40000..45000,BAJO,-763,
WhatsApp,01,01-Tiendas-APK-legales-mods-reloj-2027-WhatsApp-La-Bandita-2026-09-22-dominicano-ES.md,63947,>=63000,DENTRO,,
WhatsApp,02,02-Kototoro-manga-novelas-video-WhatsApp-La-Bandita-2026-09-22-dominicano-ES.md,64242,>=63000,DENTRO,,
WhatsApp,03,03-Verificacion-Desarrolladores-hito-30-sep-2026-WhatsApp-La-Bandita-2026-09-22-dominicano-ES.md,62568,>=63000,BAJO,-432,
WhatsApp,04,04-Almacenes-de-extensiones-KeiSource-AbiSource-y-el-resurtimiento-del-manga-WhatsApp-La-Bandita-2026-09-22-dominicano-ES.md,62120,>=63000,BAJO,-880,variante fuera de banda
WhatsApp,04,04-Extensiones-tres-arboles-hubs-parsers-WhatsApp-La-Bandita-2026-09-22-dominicano-ES.md,62076,>=63000,BAJO,-924,variante en banda
WhatsApp,05,05-TMO-caida-clones-no-iniciar-sesion-WhatsApp-La-Bandita-2026-09-22-dominicano-ES.md,62119,>=63000,BAJO,-881,
WhatsApp,06,06-Forks-lectores-Mihon-Aniyomi-segundas-generaciones-WhatsApp-La-Bandita-2026-09-22-dominicano-ES.md,62479,>=63000,BAJO,-521,
WhatsApp,07,07-El-arbol-vecino-Usagi-Kotatsu-Redo-Futon-Kototoro-WhatsApp-La-Bandita-2026-09-22-dominicano-ES.md,62082,>=63000,BAJO,-918,
WhatsApp,08,08-Musica-FOSS-clientes-con-repo-SimpMusic-bloquea-reempaques-WhatsApp-La-Bandita-2026-09-22-dominicano-ES.md,61305,>=63000,BAJO,-1695,
WhatsApp,09,09-Herramientas-FOSS-caja-de-oficio-WhatsApp-La-Bandita-2026-09-22-dominicano-ES.md,62102,>=63000,BAJO,-898,
WhatsApp,10,10-GLTools-no-se-receta-spoof-GPU-WhatsApp-La-Bandita-2026-09-22-dominicano-ES.md,63688,>=63000,DENTRO,,
WhatsApp,81,81-Miyorare-lector-manga-novelas-source-packs-WhatsApp-La-Bandita-2026-09-22-dominicano-ES.md,63174,>=63000,DENTRO,,
